{
  "images" : [
    {
      "extent" : "full-screen",
      "filename" : "SoundView Launch 11.png",
      "idiom" : "ipad",
      "minimum-system-version" : "12.0",
      "orientation" : "portrait",
      "scale" : "2x",
      "subtype" : "2388h"
    },
    {
      "extent" : "full-screen",
      "filename" : "SoundView Launch.png",
      "idiom" : "ipad",
      "minimum-system-version" : "12.0",
      "orientation" : "landscape",
      "scale" : "2x",
      "subtype" : "2388h"
    },
    {
      "extent" : "full-screen",
      "filename" : "SoundView Launch 10.png",
      "idiom" : "ipad",
      "minimum-system-version" : "10.0",
      "orientation" : "portrait",
      "scale" : "2x",
      "subtype" : "2224h"
    },
    {
      "extent" : "full-screen",
      "filename" : "SoundView Launch 1.png",
      "idiom" : "ipad",
      "minimum-system-version" : "10.0",
      "orientation" : "landscape",
      "scale" : "2x",
      "subtype" : "2224h"
    },
    {
      "extent" : "full-screen",
      "filename" : "SoundView Launch 9.png",
      "idiom" : "ipad",
      "minimum-system-version" : "9.0",
      "orientation" : "portrait",
      "scale" : "2x",
      "subtype" : "1366h"
    },
    {
      "extent" : "full-screen",
      "filename" : "SoundView Launch 2.png",
      "idiom" : "ipad",
      "minimum-system-version" : "9.0",
      "orientation" : "landscape",
      "scale" : "2x",
      "subtype" : "1366h"
    },
    {
      "extent" : "full-screen",
      "filename" : "SoundView Launch 4.png",
      "idiom" : "ipad",
      "minimum-system-version" : "7.0",
      "orientation" : "landscape",
      "scale" : "1x"
    },
    {
      "extent" : "full-screen",
      "filename" : "SoundView Launch 3.png",
      "idiom" : "ipad",
      "minimum-system-version" : "7.0",
      "orientation" : "landscape",
      "scale" : "2x"
    },
    {
      "extent" : "to-status-bar",
      "filename" : "SoundView Launch 5.png",
      "idiom" : "ipad",
      "orientation" : "landscape",
      "scale" : "1x"
    },
    {
      "extent" : "full-screen",
      "filename" : "SoundView Launch 7.png",
      "idiom" : "ipad",
      "orientation" : "landscape",
      "scale" : "1x"
    },
    {
      "extent" : "to-status-bar",
      "filename" : "SoundView Launch 6.png",
      "idiom" : "ipad",
      "orientation" : "landscape",
      "scale" : "2x"
    },
    {
      "extent" : "full-screen",
      "filename" : "SoundView Launch 8.png",
      "idiom" : "ipad",
      "orientation" : "landscape",
      "scale" : "2x"
    }
  ],
  "info" : {
    "author" : "xcode",
    "version" : 1
  }
}
